,time,time,accuracy,accuracy,f1_macro,f1_macro,auc,auc,ap,ap
,mean,std,mean,std,mean,std,mean,std,mean,std
model,,,,,,,,,,
better_gnn,33.56278312206268,0.03264678026914447,0.84165,0.032031937187750645,0.8406,0.03252691193458122,0.9051,0.02771858582251271,0.0,0.0
gnn,13.11933434009552,0.8295347781535984,0.77605,0.0031819805153394274,0.7723,0.0045254833995938765,0.871,0.023051681066681422,0.8672,0.029274220741123024
